prediction,attack_prob
1,0.63661426
1,0.94046813
0,0.00064457423
1,0.8664378
1,0.9957937
1,0.96704215
0,0.28010985
1,0.82746184
0,0.00056701544
0,0.00064457423
1,0.96704215
1,0.96704215
0,0.00056381046
1,0.96704215
0,0.00065752014
0,0.0006201876
1,0.96704215
1,0.8155916
1,0.85292345
0,0.00064457423
1,0.9762021
0,0.00056701544
1,0.77267987
1,0.74583805
1,0.7855611
1,0.7033961
1,0.713791
