flow_id,src_ip,src_port,dst_ip,dst_port,protocol,start_ms,end_ms,flow_duration_ms,fwd_pkts,bwd_pkts,tot_pkts,fwd_bytes,bwd_bytes,tot_bytes,pps,bps,fwd_pkt_len_mean,fwd_pkt_len_std,bwd_pkt_len_mean,bwd_pkt_len_std,flow_pkt_len_mean,flow_pkt_len_std,flow_pkt_len_min,flow_pkt_len_max,fwd_iat_mean_ms,fwd_iat_std_ms,bwd_iat_mean_ms,bwd_iat_std_ms,iat_flow_mean_ms,iat_flow_std_ms,fwd_syn,fwd_ack,fwd_fin,fwd_rst,bwd_syn,bwd_ack,bwd_fin,bwd_rst,bwd_to_fwd_pkt_ratio,bwd_to_fwd_byte_ratio
0,2001:6f8:102d:0:1033:c4c:7e57:b19e,5353,ff02::fb,5353,17,1186341099605,1186341103455,3850,8,0,8,1670,0,1670,2.077609099852803,3469.6071967541816,208.75000000000003,38.04039206647886,0.0,0.0,208.75000000000003,38.04039206647886,0,0,550.0828538622175,761.6799324892445,0.0,0.0,550.0828538622175,761.6799324892445,0,0,0,0,0,0,0,0,0.0,0.0
1,2001:6f8:102d:0:2d0:9ff:fee3:e8de,59201,2001:6f8:900:7c0::2,80,6,1186341404189,1186341404219,29,6,4,10,620,2507,3127,337.7355482369614,844879.2474695826,103.33333333333334,96.67816023625329,626.75,695.1725804911084,312.7,489.22206954851634,0,0,5.921792984008789,6.041864304892623,4.916350046793619,8.401885156225775,3.2898849911159935,5.208363200598955,1,5,1,0,1,4,1,0,0.6666666666666666,4.0435483870967746
